Id,utility_agent1
233234,0.1673678959400106
233235,-0.21593579952721864
233236,0.10362936850294119
